frame,id,cx,cy,x,y,w,h,area
26,1,730,310,700,280,61,61,2899.0
26,2,62,130,29,99,68,63,4152.0
27,1,725,310,696,280,61,61,2900.0
27,2,66,130,33,99,68,63,4152.0
28,1,722,310,692,280,61,61,2899.0
28,2,70,130,37,99,68,63,4152.0
29,1,718,309,688,280,61,61,2900.0
29,2,74,130,41,99,68,63,4152.0
30,1,714,310,684,280,61,61,2899.0
30,2,78,130,45,99,68,63,4152.0
31,1,709,310,680,280,61,61,2900.0
31,2,82,130,49,99,68,63,4152.0
32,1,706,310,676,280,61,61,2899.0
32,2,86,130,53,99,68,63,4152.0
33,1,702,309,672,280,61,61,2900.0
33,2,90,130,57,99,68,63,4152.0
34,1,698,310,668,280,61,61,2899.0
34,2,94,130,61,99,68,63,4152.0
35,1,693,310,664,280,61,61,2900.0
35,2,98,130,65,99,68,63,4152.0
36,1,690,310,660,280,61,61,2899.0
36,2,102,130,69,99,68,63,4152.0
37,1,686,309,656,280,61,61,2900.0
37,2,106,130,73,99,68,63,4152.0
38,1,682,310,652,280,61,61,2899.0
38,2,110,130,77,99,68,63,4152.0
39,1,677,310,648,280,61,61,2900.0
39,2,114,130,81,99,68,63,4152.0
40,1,674,310,644,280,61,61,2899.0
40,2,118,130,85,99,68,63,4152.0
41,1,670,309,640,280,61,61,2900.0
41,2,122,130,89,99,68,63,4152.0
42,1,666,310,636,280,61,61,2899.0
42,2,126,130,93,99,68,63,4152.0
43,1,661,310,632,280,61,61,2900.0
43,2,130,130,97,99,68,63,4152.0
44,1,658,310,628,280,61,61,2899.0
44,2,134,130,101,99,68,63,4152.0
45,1,654,309,624,280,61,61,2900.0
45,2,138,130,105,99,68,63,4152.0
46,1,650,310,620,280,61,61,2899.0
46,2,142,130,109,99,68,63,4152.0
47,1,645,310,616,280,61,61,2900.0
47,2,146,130,113,99,68,63,4152.0
48,1,642,310,612,280,61,61,2899.0
48,2,150,130,117,99,68,63,4152.0
49,1,638,309,608,280,61,61,2900.0
49,2,154,130,121,99,68,63,4152.0
50,1,634,310,604,280,61,61,2899.0
50,2,158,130,125,99,68,63,4152.0
51,1,629,310,600,280,61,61,2900.0
51,2,162,130,129,99,68,63,4152.0
52,1,626,310,596,280,61,61,2899.0
52,2,166,130,133,99,68,63,4152.0
53,1,622,309,592,280,61,61,2900.0
53,2,170,130,137,99,68,63,4152.0
54,1,618,310,588,280,61,61,2899.0
54,2,174,130,141,99,68,63,4152.0
55,1,613,310,584,280,61,61,2900.0
55,2,178,130,145,99,68,63,4152.0
56,1,610,310,580,280,61,61,2899.0
56,2,182,130,149,99,68,63,4152.0
57,1,606,309,576,280,61,61,2900.0
57,2,186,130,153,99,68,63,4152.0
58,1,602,310,572,280,61,61,2899.0
58,2,190,130,157,99,68,63,4152.0
59,1,597,310,568,280,61,61,2900.0
59,2,194,130,161,99,68,63,4152.0
60,1,594,310,564,280,61,61,2899.0
60,2,198,130,165,99,68,63,4152.0
61,1,590,309,560,280,61,61,2900.0
61,2,202,130,169,99,68,63,4152.0
62,1,586,310,556,280,61,61,2899.0
62,2,206,130,173,99,68,63,4152.0
63,1,581,310,552,280,61,61,2900.0
63,2,210,130,177,99,68,63,4152.0
64,1,578,310,548,280,61,61,2899.0
64,2,214,130,181,99,68,63,4152.0
65,1,574,309,544,280,61,61,2900.0
65,2,218,130,185,99,68,63,4152.0
66,1,570,310,540,280,61,61,2899.0
66,2,222,130,189,99,68,63,4152.0
67,1,565,310,536,280,61,61,2900.0
67,2,226,130,193,99,68,63,4152.0
68,1,562,310,532,280,61,61,2899.0
68,2,230,130,197,99,68,63,4152.0
69,1,558,309,528,280,61,61,2900.0
69,2,234,130,201,99,68,63,4152.0
70,1,554,310,524,280,61,61,2899.0
70,2,238,130,205,99,68,63,4152.0
71,1,549,310,520,280,61,61,2900.0
71,2,242,130,209,99,68,63,4152.0
72,1,546,310,516,280,61,61,2899.0
72,2,246,130,213,99,68,63,4152.0
73,1,542,309,512,280,61,61,2900.0
73,2,250,130,217,99,68,63,4152.0
74,1,538,310,508,280,61,61,2899.0
74,2,254,130,221,99,68,63,4152.0
75,1,533,310,504,280,61,61,2900.0
75,2,258,130,225,99,68,63,4152.0
76,1,530,310,500,280,61,61,2899.0
76,2,262,130,229,99,68,63,4152.0
77,1,526,309,496,280,61,61,2900.0
77,2,266,130,233,99,68,63,4152.0
78,1,522,310,492,280,61,61,2899.0
78,2,270,130,237,99,68,63,4152.0
79,1,517,310,488,280,61,61,2900.0
79,2,274,130,241,99,68,63,4152.0
80,1,514,310,484,280,61,61,2899.0
80,2,278,130,245,99,68,63,4152.0
81,1,510,309,480,280,61,61,2900.0
81,2,282,130,249,99,68,63,4152.0
82,1,506,310,476,280,61,61,2899.0
82,2,286,130,253,99,68,63,4152.0
83,1,501,310,472,280,61,61,2900.0
83,2,290,130,257,99,68,63,4152.0
84,1,498,310,468,280,61,61,2899.0
84,2,294,130,261,99,68,63,4152.0
85,1,494,309,464,280,61,61,2900.0
85,2,298,130,265,99,68,63,4152.0
86,1,490,310,460,280,61,61,2899.0
86,2,302,130,269,99,68,63,4152.0
87,1,485,310,456,280,61,61,2900.0
87,2,306,130,273,99,68,63,4152.0
88,1,482,310,452,280,61,61,2899.0
88,2,310,130,277,99,68,63,4152.0
89,1,478,309,448,280,61,61,2900.0
89,2,314,130,281,99,68,63,4152.0
90,1,474,310,444,280,61,61,2899.0
90,2,318,130,285,99,68,63,4152.0
91,1,469,310,440,280,61,61,2900.0
91,2,322,130,289,99,68,63,4152.0
92,1,466,310,436,280,61,61,2899.0
92,2,326,130,293,99,68,63,4152.0
93,1,462,309,432,280,61,61,2900.0
93,2,330,130,297,99,68,63,4152.0
94,1,458,310,428,280,61,61,2899.0
94,2,334,130,301,99,68,63,4152.0
95,1,453,310,424,280,61,61,2900.0
95,2,338,130,305,99,68,63,4152.0
96,1,450,310,420,280,61,61,2899.0
96,2,342,130,309,99,68,63,4152.0
97,1,446,309,416,280,61,61,2900.0
97,2,346,130,313,99,68,63,4152.0
98,1,442,310,412,280,61,61,2899.0
98,2,350,130,317,99,68,63,4152.0
99,1,437,310,408,280,61,61,2900.0
99,2,354,130,321,99,68,63,4152.0
100,1,434,310,404,280,61,61,2899.0
100,2,358,130,325,99,68,63,4152.0
101,1,430,309,400,280,61,61,2900.0
101,2,362,130,329,99,68,63,4152.0
102,1,426,310,396,280,61,61,2899.0
102,2,366,130,333,99,68,63,4152.0
103,1,421,310,392,280,61,61,2900.0
103,2,370,130,337,99,68,63,4152.0
104,1,418,310,388,280,61,61,2899.0
104,2,374,130,341,99,68,63,4152.0
105,1,414,309,384,280,61,61,2900.0
105,2,378,130,345,99,68,63,4152.0
106,1,410,310,380,280,61,61,2899.0
106,2,382,130,349,99,68,63,4152.0
107,1,405,310,376,280,61,61,2900.0
107,2,386,130,353,99,68,63,4152.0
108,1,402,310,372,280,61,61,2899.0
108,2,390,130,357,99,68,63,4152.0
109,1,398,309,368,280,61,61,2900.0
109,2,394,130,361,99,68,63,4152.0
110,1,394,310,364,280,61,61,2899.0
110,2,398,130,365,99,68,63,4152.0
111,1,389,310,360,280,61,61,2900.0
111,2,402,130,369,99,68,63,4152.0
112,1,386,310,356,280,61,61,2899.0
112,2,406,130,373,99,68,63,4152.0
113,1,382,309,352,280,61,61,2900.0
113,2,410,130,377,99,68,63,4152.0
114,1,378,310,348,280,61,61,2899.0
114,2,414,130,381,99,68,63,4152.0
115,1,373,310,344,280,61,61,2900.0
115,2,418,130,385,99,68,63,4152.0
116,1,370,310,340,280,61,61,2899.0
116,2,422,130,389,99,68,63,4152.0
117,1,366,309,336,280,61,61,2900.0
117,2,426,130,393,99,68,63,4152.0
118,1,362,310,332,280,61,61,2899.0
118,2,430,130,397,99,68,63,4152.0
119,1,357,310,328,280,61,61,2900.0
119,2,434,130,401,99,68,63,4152.0
120,1,354,310,324,280,61,61,2899.0
120,2,438,130,405,99,68,63,4152.0
121,1,350,309,320,280,61,61,2900.0
121,2,442,130,409,99,68,63,4152.0
122,1,346,310,316,280,61,61,2899.0
122,2,446,130,413,99,68,63,4152.0
123,1,341,310,312,280,61,61,2900.0
123,2,450,130,417,99,68,63,4152.0
124,1,338,310,308,280,61,61,2899.0
124,2,454,130,421,99,68,63,4152.0
125,1,334,309,304,280,61,61,2900.0
125,2,458,130,425,99,68,63,4152.0
126,1,330,310,300,280,61,61,2899.0
126,2,462,130,429,99,68,63,4152.0
127,1,325,310,296,280,61,61,2900.0
127,2,466,130,433,99,68,63,4152.0
128,1,322,310,292,280,61,61,2899.0
128,2,470,130,437,99,68,63,4152.0
129,1,318,309,288,280,61,61,2900.0
129,2,474,130,441,99,68,63,4152.0
130,1,314,310,284,280,61,61,2899.0
130,2,478,130,445,99,68,63,4152.0
131,1,309,310,280,280,61,61,2900.0
131,2,482,130,449,99,68,63,4152.0
132,1,306,310,276,280,61,61,2899.0
132,2,486,130,453,99,68,63,4152.0
133,1,302,309,272,280,61,61,2900.0
133,2,490,130,457,99,68,63,4152.0
134,1,298,310,268,280,61,61,2899.0
134,2,494,130,461,99,68,63,4152.0
135,1,293,310,264,280,61,61,2900.0
135,2,498,130,465,99,68,63,4152.0
136,1,290,310,260,280,61,61,2899.0
136,2,502,130,469,99,68,63,4152.0
137,1,286,309,256,280,61,61,2900.0
137,2,506,130,473,99,68,63,4152.0
138,1,282,310,252,280,61,61,2899.0
138,2,510,130,477,99,68,63,4152.0
139,1,277,310,248,280,61,61,2900.0
139,2,514,130,481,99,68,63,4152.0
140,1,274,310,244,280,61,61,2899.0
140,2,518,130,485,99,68,63,4152.0
141,1,270,309,240,280,61,61,2900.0
141,2,522,130,489,99,68,63,4152.0
142,1,266,310,236,280,61,61,2899.0
142,2,526,130,493,99,68,63,4152.0
143,1,261,310,232,280,61,61,2900.0
143,2,530,130,497,99,68,63,4152.0
144,1,258,310,228,280,61,61,2899.0
144,2,534,130,501,99,68,63,4152.0
145,1,254,309,224,280,61,61,2900.0
145,2,538,130,505,99,68,63,4152.0
146,1,250,310,220,280,61,61,2899.0
146,2,542,130,509,99,68,63,4152.0
147,1,245,310,216,280,61,61,2900.0
147,2,546,130,513,99,68,63,4152.0
148,1,242,310,212,280,61,61,2899.0
148,2,550,130,517,99,68,63,4152.0
149,1,238,309,208,280,61,61,2900.0
149,2,554,130,521,99,68,63,4152.0
150,1,234,310,204,280,61,61,2899.0
150,2,558,130,525,99,68,63,4152.0
151,1,229,310,200,280,61,61,2900.0
151,2,562,130,529,99,68,63,4152.0
152,1,226,310,196,280,61,61,2899.0
152,2,566,130,533,99,68,63,4152.0
153,1,222,309,192,280,61,61,2900.0
153,2,570,130,537,99,68,63,4152.0
154,1,218,310,188,280,61,61,2899.0
154,2,574,130,541,99,68,63,4152.0
155,1,213,310,184,280,61,61,2900.0
155,2,578,130,545,99,68,63,4152.0
156,1,210,310,180,280,61,61,2899.0
156,2,582,130,549,99,68,63,4152.0
157,1,206,309,176,280,61,61,2900.0
157,2,586,130,553,99,68,63,4152.0
158,1,202,310,172,280,61,61,2899.0
158,2,590,130,557,99,68,63,4152.0
159,1,197,310,168,280,61,61,2900.0
159,2,594,130,561,99,68,63,4152.0
160,1,194,310,164,280,61,61,2899.0
160,2,598,130,565,99,68,63,4152.0
161,1,190,309,160,280,61,61,2900.0
161,2,602,130,569,99,68,63,4152.0
162,1,186,310,156,280,61,61,2899.0
162,2,606,130,573,99,68,63,4152.0
163,1,181,310,152,280,61,61,2900.0
163,2,610,130,577,99,68,63,4152.0
164,1,178,310,148,280,61,61,2899.0
164,2,614,130,581,99,68,63,4152.0
165,1,174,309,144,280,61,61,2900.0
165,2,618,130,585,99,68,63,4152.0
166,1,170,310,140,280,61,61,2899.0
166,2,622,130,589,99,68,63,4152.0
167,1,165,310,136,280,61,61,2900.0
167,2,626,130,593,99,68,63,4152.0
168,1,162,310,132,280,61,61,2899.0
168,2,630,130,597,99,68,63,4152.0
169,1,158,309,128,280,61,61,2900.0
169,2,634,130,601,99,68,63,4152.0
170,1,154,310,124,280,61,61,2899.0
170,2,638,130,605,99,68,63,4152.0
171,1,149,310,120,280,61,61,2900.0
171,2,642,130,609,99,68,63,4152.0
172,1,146,310,116,280,61,61,2899.0
172,2,646,130,613,99,68,63,4152.0
173,1,142,309,112,280,61,61,2900.0
173,2,650,130,617,99,68,63,4152.0
174,1,138,310,108,280,61,61,2899.0
174,2,654,130,621,99,68,63,4152.0
175,1,133,310,104,280,61,61,2900.0
175,2,658,130,625,99,68,63,4152.0
